occurrenceID,individualCount,sex,lifeStage,behavior,occurrenceStatus,eventID,identifiedBy,dateIdentified,identificationRemarks,scientificName,kingdom
705e6036,1,female,adult,foraging,present,4bb69c45,Danny Van der beeck,2020-07-09T09:39:52Z,identificationRemarks,Anas platyrhynchos,Animalia
07840dcc_1,1,female,adult,,present,07840dcc,Peter Desmet,,identificationRemarks,Anas platyrhynchos,Animalia
401386c7_1,1,female,adult,foraging,present,401386c7,Peter Desmet,,identificationRemarks,Anas platyrhynchos,Animalia
ca3ff293_1,1,female,adult,foraging,present,ca3ff293,Peter Desmet,,identificationRemarks,Anas platyrhynchos,Animalia
e8b8e44c_1,1,female,adult,foraging,present,e8b8e44c,Peter Desmet,,identificationRemarks,Anas platyrhynchos,Animalia
b8690a15_1,1,female,adult,foraging,present,b8690a15,Peter Desmet,,identificationRemarks,Anas platyrhynchos,Animalia
64734615_1,1,female,adult,,present,64734615,Peter Desmet,,identificationRemarks,Anas platyrhynchos,Animalia
12ce5004_1,1,female,adult,,present,12ce5004,Peter Desmet,,identificationRemarks,Anas platyrhynchos,Animalia
f372acaf_1,1,female,adult,,present,f372acaf,Peter Desmet,,identificationRemarks,Anas platyrhynchos,Animalia
97140835_1,1,female,adult,,present,97140835,Peter Desmet,,identificationRemarks,Anas platyrhynchos,Animalia
d1326349_1,1,female,adult,,present,d1326349,Peter Desmet,,identificationRemarks,Anas platyrhynchos,Animalia
1fcdba64,2,female,adult,,present,f99bfff4,Danny Van der beeck,2020-07-09T09:40:44Z,identificationRemarks,Anas platyrhynchos,Animalia
017e3d07_1,2,female,adult,,present,017e3d07,Peter Desmet,,identificationRemarks,Anas platyrhynchos,Animalia
e82ea167_1,2,female,adult,,present,e82ea167,Peter Desmet,,identificationRemarks,Anas platyrhynchos,Animalia
8aab9351_1,1,female,adult,,present,8aab9351,Peter Desmet,,identificationRemarks,Anas platyrhynchos,Animalia
dd543fc8_1,1,female,adult,,present,dd543fc8,Peter Desmet,,identificationRemarks,Anas platyrhynchos,Animalia
6affb228_1,1,female,adult,,present,6affb228,Peter Desmet,,identificationRemarks,Anas platyrhynchos,Animalia
ef3afb3b_1,1,female,adult,,present,ef3afb3b,Peter Desmet,,identificationRemarks,Anas platyrhynchos,Animalia
bbd0d520_1,1,female,adult,,present,bbd0d520,Peter Desmet,,identificationRemarks,Anas platyrhynchos,Animalia
4729dc5c,1,,,,present,45abeadc,Danny Van der beeck,2020-07-09T09:41:22Z,identificationRemarks,Rattus norvegicus,Animalia
75e6d1df_1,1,,,,present,75e6d1df,Peter Desmet,,identificationRemarks,Rattus norvegicus,Animalia
948c2184_1,1,,,,present,948c2184,Peter Desmet,,identificationRemarks,Rattus norvegicus,Animalia
8f0c5a8c_1,1,,,,present,8f0c5a8c,Peter Desmet,,identificationRemarks,Rattus norvegicus,Animalia
50d30a87_1,1,,,,present,50d30a87,Peter Desmet,,identificationRemarks,Rattus norvegicus,Animalia
bdd7481f_1,1,,,,present,bdd7481f,Peter Desmet,,identificationRemarks,Rattus norvegicus,Animalia
c459b1f0_1,1,,,,present,c459b1f0,Peter Desmet,,identificationRemarks,Rattus norvegicus,Animalia
dbf41369_1,1,,,,present,dbf41369,Peter Desmet,,identificationRemarks,Rattus norvegicus,Animalia
bdfc4e2d_1,1,,,,present,bdfc4e2d,Peter Desmet,,identificationRemarks,Rattus norvegicus,Animalia
7a1ac372_1,1,,,,present,7a1ac372,Peter Desmet,,identificationRemarks,Rattus norvegicus,Animalia
6528fd34_1,1,,,,present,6528fd34,Peter Desmet,,identificationRemarks,Rattus norvegicus,Animalia
8e7f37f4_1,1,,,,present,8e7f37f4,Peter Desmet,,identificationRemarks,Rattus norvegicus,Animalia
1f1217b7_1,1,,,,present,1f1217b7,Peter Desmet,,identificationRemarks,Rattus norvegicus,Animalia
1640ad29_1,1,,,,present,1640ad29,Peter Desmet,,identificationRemarks,Rattus norvegicus,Animalia
f633bdc2_1,1,,,,present,f633bdc2,Peter Desmet,,identificationRemarks,Rattus norvegicus,Animalia
209dc64d_1,1,,,,present,209dc64d,Peter Desmet,,identificationRemarks,Rattus norvegicus,Animalia
690535a6_1,1,,,,present,690535a6,Peter Desmet,,identificationRemarks,Rattus norvegicus,Animalia
b6fa4933_1,1,,,,present,b6fa4933,Peter Desmet,,identificationRemarks,Rattus norvegicus,Animalia
f418bc6c_1,1,,,,present,f418bc6c,Peter Desmet,,identificationRemarks,Rattus norvegicus,Animalia
254635b0,1,female,adult,,present,52107a58,Danny Van der beeck,2020-07-09T09:43:19Z,identificationRemarks,Anas platyrhynchos,Animalia
22a452e1,9,,juvenile,,present,52107a58,Danny Van der beeck,2020-07-09T09:43:06Z,identificationRemarks,Anas platyrhynchos,Animalia
a33837bf_1,1,female,adult,,present,a33837bf,Peter Desmet,,identificationRemarks,Anas platyrhynchos,Animalia
a33837bf_2,9,,juvenile,,present,a33837bf,Peter Desmet,,identificationRemarks,Anas platyrhynchos,Animalia
a4c90844_1,1,female,adult,,present,a4c90844,Peter Desmet,,identificationRemarks,Anas platyrhynchos,Animalia
a4c90844_2,9,,juvenile,,present,a4c90844,Peter Desmet,,identificationRemarks,Anas platyrhynchos,Animalia
b8d6c1ec_1,1,female,adult,,present,b8d6c1ec,Peter Desmet,,identificationRemarks,Anas platyrhynchos,Animalia
b8d6c1ec_2,9,,juvenile,,present,b8d6c1ec,Peter Desmet,,identificationRemarks,Anas platyrhynchos,Animalia
9c4b83d9_1,1,female,adult,,present,9c4b83d9,Peter Desmet,,identificationRemarks,Anas platyrhynchos,Animalia
9c4b83d9_2,9,,juvenile,,present,9c4b83d9,Peter Desmet,,identificationRemarks,Anas platyrhynchos,Animalia
7e4de13b_1,1,female,adult,,present,7e4de13b,Peter Desmet,,identificationRemarks,Anas platyrhynchos,Animalia
7e4de13b_2,9,,juvenile,,present,7e4de13b,Peter Desmet,,identificationRemarks,Anas platyrhynchos,Animalia
72366a31_1,1,female,adult,,present,72366a31,Peter Desmet,,identificationRemarks,Anas platyrhynchos,Animalia
72366a31_2,9,,juvenile,,present,72366a31,Peter Desmet,,identificationRemarks,Anas platyrhynchos,Animalia
a55b821f_1,1,female,adult,,present,a55b821f,Peter Desmet,,identificationRemarks,Anas platyrhynchos,Animalia
a55b821f_2,9,,juvenile,,present,a55b821f,Peter Desmet,,identificationRemarks,Anas platyrhynchos,Animalia
28290b2c_1,1,female,adult,,present,28290b2c,Peter Desmet,,identificationRemarks,Anas platyrhynchos,Animalia
28290b2c_2,9,,juvenile,,present,28290b2c,Peter Desmet,,identificationRemarks,Anas platyrhynchos,Animalia
53446511_1,1,female,adult,,present,53446511,Peter Desmet,,identificationRemarks,Anas platyrhynchos,Animalia
53446511_2,9,,juvenile,,present,53446511,Peter Desmet,,identificationRemarks,Anas platyrhynchos,Animalia
7d3e106e_1,1,female,adult,,present,7d3e106e,Peter Desmet,,identificationRemarks,Anas platyrhynchos,Animalia
7d3e106e_2,9,,juvenile,,present,7d3e106e,Peter Desmet,,identificationRemarks,Anas platyrhynchos,Animalia
277b2a9f,4,male,adult,foraging,present,7363b68a,Peter Desmet,2023-02-02T13:56:25Z,identificationRemarks,Anas platyrhynchos,Animalia
b1e03fbb_1,4,male,adult,,present,b1e03fbb,Peter Desmet,,identificationRemarks,Anas platyrhynchos,Animalia
f69cf443_1,4,male,adult,,present,f69cf443,Peter Desmet,,identificationRemarks,Anas platyrhynchos,Animalia
235078cc_1,4,male,adult,,present,235078cc,Peter Desmet,,identificationRemarks,Anas platyrhynchos,Animalia
8b8ba813_1,4,male,adult,,present,8b8ba813,Peter Desmet,,identificationRemarks,Anas platyrhynchos,Animalia
b5e07538_1,4,male,adult,,present,b5e07538,Peter Desmet,,identificationRemarks,Anas platyrhynchos,Animalia
f38e18d4_1,4,male,adult,,present,f38e18d4,Peter Desmet,,identificationRemarks,Anas platyrhynchos,Animalia
67aecf0d_1,4,male,adult,,present,67aecf0d,Peter Desmet,,identificationRemarks,Anas platyrhynchos,Animalia
fc05b93d_1,4,male,adult,,present,fc05b93d,Peter Desmet,,identificationRemarks,Anas platyrhynchos,Animalia
46ee4572_1,4,male,adult,,present,46ee4572,Peter Desmet,,identificationRemarks,Anas platyrhynchos,Animalia
2840949c_1,4,male,adult,,present,2840949c,Peter Desmet,,identificationRemarks,Anas platyrhynchos,Animalia
05230014,1,,adult,,present,79204343,Peter Desmet,2023-02-02T13:57:58Z,identificationRemarks,Ardea cinerea,Animalia
5ead5692,1,female,adult,,present,79204343,Danny Van der beeck,2020-07-09T09:44:39Z,identificationRemarks,Anas platyrhynchos,Animalia
29939500,1,male,adult,,present,79204343,Danny Van der beeck,2020-07-09T09:44:50Z,identificationRemarks,Anas platyrhynchos,Animalia
e68deaed_1,1,,adult,,present,e68deaed,Peter Desmet,,identificationRemarks,Ardea cinerea,Animalia
e68deaed_2,1,female,adult,,present,e68deaed,Peter Desmet,,identificationRemarks,Anas platyrhynchos,Animalia
e68deaed_3,1,male,adult,,present,e68deaed,Peter Desmet,,identificationRemarks,Anas platyrhynchos,Animalia
c5efbcb3_1,1,,adult,,present,c5efbcb3,Peter Desmet,,identificationRemarks,Ardea cinerea,Animalia
c5efbcb3_2,1,female,adult,,present,c5efbcb3,Peter Desmet,,identificationRemarks,Anas platyrhynchos,Animalia
c5efbcb3_3,1,male,adult,,present,c5efbcb3,Peter Desmet,,identificationRemarks,Anas platyrhynchos,Animalia
07eee194_1,1,,adult,,present,07eee194,Peter Desmet,,identificationRemarks,Ardea cinerea,Animalia
07eee194_2,1,female,adult,,present,07eee194,Peter Desmet,,identificationRemarks,Anas platyrhynchos,Animalia
07eee194_3,1,male,adult,,present,07eee194,Peter Desmet,,identificationRemarks,Anas platyrhynchos,Animalia
479a93c4_1,1,,adult,,present,479a93c4,Peter Desmet,,identificationRemarks,Ardea cinerea,Animalia
479a93c4_2,1,female,adult,,present,479a93c4,Peter Desmet,,identificationRemarks,Anas platyrhynchos,Animalia
479a93c4_3,1,male,adult,,present,479a93c4,Peter Desmet,,identificationRemarks,Anas platyrhynchos,Animalia
6d65f3e4_1,1,,adult,,present,6d65f3e4,Peter Desmet,,identificationRemarks,Ardea cinerea,Animalia
6d65f3e4_2,1,female,adult,,present,6d65f3e4,Peter Desmet,,identificationRemarks,Anas platyrhynchos,Animalia
6d65f3e4_3,1,male,adult,,present,6d65f3e4,Peter Desmet,,identificationRemarks,Anas platyrhynchos,Animalia
5ba57018_1,1,,adult,,present,5ba57018,Peter Desmet,,identificationRemarks,Ardea cinerea,Animalia
5ba57018_2,1,female,adult,,present,5ba57018,Peter Desmet,,identificationRemarks,Anas platyrhynchos,Animalia
5ba57018_3,1,male,adult,,present,5ba57018,Peter Desmet,,identificationRemarks,Anas platyrhynchos,Animalia
c39a0749_1,1,,adult,,present,c39a0749,Peter Desmet,,identificationRemarks,Ardea cinerea,Animalia
c39a0749_2,1,female,adult,,present,c39a0749,Peter Desmet,,identificationRemarks,Anas platyrhynchos,Animalia
c39a0749_3,1,male,adult,,present,c39a0749,Peter Desmet,,identificationRemarks,Anas platyrhynchos,Animalia
d2ed4389_1,1,,adult,,present,d2ed4389,Peter Desmet,,identificationRemarks,Ardea cinerea,Animalia
d2ed4389_2,1,female,adult,,present,d2ed4389,Peter Desmet,,identificationRemarks,Anas platyrhynchos,Animalia
d2ed4389_3,1,male,adult,,present,d2ed4389,Peter Desmet,,identificationRemarks,Anas platyrhynchos,Animalia
51549c25_1,1,,adult,,present,51549c25,Peter Desmet,,identificationRemarks,Ardea cinerea,Animalia
51549c25_2,1,female,adult,,present,51549c25,Peter Desmet,,identificationRemarks,Anas platyrhynchos,Animalia
51549c25_3,1,male,adult,,present,51549c25,Peter Desmet,,identificationRemarks,Anas platyrhynchos,Animalia
b78bb29f_1,1,,adult,,present,b78bb29f,Peter Desmet,,identificationRemarks,Ardea cinerea,Animalia
b78bb29f_2,1,female,adult,,present,b78bb29f,Peter Desmet,,identificationRemarks,Anas platyrhynchos,Animalia
b78bb29f_3,1,male,adult,,present,b78bb29f,Peter Desmet,,identificationRemarks,Anas platyrhynchos,Animalia
d6785b65_1,1,,adult,,present,d6785b65,Peter Desmet,,identificationRemarks,Ardea cinerea,Animalia
d6785b65_2,1,female,adult,,present,d6785b65,Peter Desmet,,identificationRemarks,Anas platyrhynchos,Animalia
d6785b65_3,1,male,adult,,present,d6785b65,Peter Desmet,,identificationRemarks,Anas platyrhynchos,Animalia
2b860458_1,1,,adult,,present,2b860458,Peter Desmet,,identificationRemarks,Ardea cinerea,Animalia
2b860458_2,1,female,adult,,present,2b860458,Peter Desmet,,identificationRemarks,Anas platyrhynchos,Animalia
2b860458_3,1,male,adult,,present,2b860458,Peter Desmet,,identificationRemarks,Anas platyrhynchos,Animalia
d45648b9_1,1,,adult,,present,d45648b9,Peter Desmet,,identificationRemarks,Ardea cinerea,Animalia
d45648b9_2,1,female,adult,,present,d45648b9,Peter Desmet,,identificationRemarks,Anas platyrhynchos,Animalia
d45648b9_3,1,male,adult,,present,d45648b9,Peter Desmet,,identificationRemarks,Anas platyrhynchos,Animalia
eecd8ce1_1,1,,adult,,present,eecd8ce1,Peter Desmet,,identificationRemarks,Ardea cinerea,Animalia
eecd8ce1_2,1,female,adult,,present,eecd8ce1,Peter Desmet,,identificationRemarks,Anas platyrhynchos,Animalia
eecd8ce1_3,1,male,adult,,present,eecd8ce1,Peter Desmet,,identificationRemarks,Anas platyrhynchos,Animalia
48d26ebc_1,1,,adult,,present,48d26ebc,Peter Desmet,,identificationRemarks,Ardea cinerea,Animalia
48d26ebc_2,1,female,adult,,present,48d26ebc,Peter Desmet,,identificationRemarks,Anas platyrhynchos,Animalia
48d26ebc_3,1,male,adult,,present,48d26ebc,Peter Desmet,,identificationRemarks,Anas platyrhynchos,Animalia
4afd0344_1,1,,adult,,present,4afd0344,Peter Desmet,,identificationRemarks,Ardea cinerea,Animalia
4afd0344_2,1,female,adult,,present,4afd0344,Peter Desmet,,identificationRemarks,Anas platyrhynchos,Animalia
4afd0344_3,1,male,adult,,present,4afd0344,Peter Desmet,,identificationRemarks,Anas platyrhynchos,Animalia
916964ac_1,1,,adult,,present,916964ac,Peter Desmet,,identificationRemarks,Ardea cinerea,Animalia
916964ac_2,1,female,adult,,present,916964ac,Peter Desmet,,identificationRemarks,Anas platyrhynchos,Animalia
916964ac_3,1,male,adult,,present,916964ac,Peter Desmet,,identificationRemarks,Anas platyrhynchos,Animalia
3e8e355a_1,1,,adult,,present,3e8e355a,Peter Desmet,,identificationRemarks,Ardea cinerea,Animalia
3e8e355a_2,1,female,adult,,present,3e8e355a,Peter Desmet,,identificationRemarks,Anas platyrhynchos,Animalia
3e8e355a_3,1,male,adult,,present,3e8e355a,Peter Desmet,,identificationRemarks,Anas platyrhynchos,Animalia
b7792672_1,1,,adult,,present,b7792672,Peter Desmet,,identificationRemarks,Ardea cinerea,Animalia
b7792672_2,1,female,adult,,present,b7792672,Peter Desmet,,identificationRemarks,Anas platyrhynchos,Animalia
b7792672_3,1,male,adult,,present,b7792672,Peter Desmet,,identificationRemarks,Anas platyrhynchos,Animalia
1683dd3b_1,1,,adult,,present,1683dd3b,Peter Desmet,,identificationRemarks,Ardea cinerea,Animalia
1683dd3b_2,1,female,adult,,present,1683dd3b,Peter Desmet,,identificationRemarks,Anas platyrhynchos,Animalia
1683dd3b_3,1,male,adult,,present,1683dd3b,Peter Desmet,,identificationRemarks,Anas platyrhynchos,Animalia
e6c63f88_1,1,,adult,,present,e6c63f88,Peter Desmet,,identificationRemarks,Ardea cinerea,Animalia
e6c63f88_2,1,female,adult,,present,e6c63f88,Peter Desmet,,identificationRemarks,Anas platyrhynchos,Animalia
e6c63f88_3,1,male,adult,,present,e6c63f88,Peter Desmet,,identificationRemarks,Anas platyrhynchos,Animalia
91a1ba54_1,1,,adult,,present,91a1ba54,Peter Desmet,,identificationRemarks,Ardea cinerea,Animalia
91a1ba54_2,1,female,adult,,present,91a1ba54,Peter Desmet,,identificationRemarks,Anas platyrhynchos,Animalia
91a1ba54_3,1,male,adult,,present,91a1ba54,Peter Desmet,,identificationRemarks,Anas platyrhynchos,Animalia
233a2f40_1,1,,adult,,present,233a2f40,Peter Desmet,,identificationRemarks,Ardea cinerea,Animalia
233a2f40_2,1,female,adult,,present,233a2f40,Peter Desmet,,identificationRemarks,Anas platyrhynchos,Animalia
233a2f40_3,1,male,adult,,present,233a2f40,Peter Desmet,,identificationRemarks,Anas platyrhynchos,Animalia
5e01e638_1,1,,adult,,present,5e01e638,Peter Desmet,,identificationRemarks,Ardea cinerea,Animalia
5e01e638_2,1,female,adult,,present,5e01e638,Peter Desmet,,identificationRemarks,Anas platyrhynchos,Animalia
5e01e638_3,1,male,adult,,present,5e01e638,Peter Desmet,,identificationRemarks,Anas platyrhynchos,Animalia
dadf1718_1,1,,adult,,present,dadf1718,Peter Desmet,,identificationRemarks,Ardea cinerea,Animalia
dadf1718_2,1,female,adult,,present,dadf1718,Peter Desmet,,identificationRemarks,Anas platyrhynchos,Animalia
dadf1718_3,1,male,adult,,present,dadf1718,Peter Desmet,,identificationRemarks,Anas platyrhynchos,Animalia
643d63a4_1,1,,adult,,present,643d63a4,Peter Desmet,,identificationRemarks,Ardea cinerea,Animalia
643d63a4_2,1,female,adult,,present,643d63a4,Peter Desmet,,identificationRemarks,Anas platyrhynchos,Animalia
643d63a4_3,1,male,adult,,present,643d63a4,Peter Desmet,,identificationRemarks,Anas platyrhynchos,Animalia
19744c44_1,1,,adult,,present,19744c44,Peter Desmet,,identificationRemarks,Ardea cinerea,Animalia
19744c44_2,1,female,adult,,present,19744c44,Peter Desmet,,identificationRemarks,Anas platyrhynchos,Animalia
19744c44_3,1,male,adult,,present,19744c44,Peter Desmet,,identificationRemarks,Anas platyrhynchos,Animalia
edc345bc_1,1,,adult,,present,edc345bc,Peter Desmet,,identificationRemarks,Ardea cinerea,Animalia
edc345bc_2,1,female,adult,,present,edc345bc,Peter Desmet,,identificationRemarks,Anas platyrhynchos,Animalia
edc345bc_3,1,male,adult,,present,edc345bc,Peter Desmet,,identificationRemarks,Anas platyrhynchos,Animalia
b6e435f8_1,1,,adult,,present,b6e435f8,Peter Desmet,,identificationRemarks,Ardea cinerea,Animalia
b6e435f8_2,1,female,adult,,present,b6e435f8,Peter Desmet,,identificationRemarks,Anas platyrhynchos,Animalia
b6e435f8_3,1,male,adult,,present,b6e435f8,Peter Desmet,,identificationRemarks,Anas platyrhynchos,Animalia
54c5d869_1,1,,adult,,present,54c5d869,Peter Desmet,,identificationRemarks,Ardea cinerea,Animalia
54c5d869_2,1,female,adult,,present,54c5d869,Peter Desmet,,identificationRemarks,Anas platyrhynchos,Animalia
54c5d869_3,1,male,adult,,present,54c5d869,Peter Desmet,,identificationRemarks,Anas platyrhynchos,Animalia
a9fa9969,3,,,,present,14059fd2,Peter Desmet,2023-02-02T14:00:39Z,identificationRemarks,Anas platyrhynchos,Animalia
4e417be8,1,male,adult,foraging,present,14059fd2,Peter Desmet,2023-02-02T14:00:46Z,identificationRemarks,Anas platyrhynchos,Animalia
9997f96e_1,3,,,,present,9997f96e,Peter Desmet,,identificationRemarks,Anas platyrhynchos,Animalia
9997f96e_2,1,male,adult,,present,9997f96e,Peter Desmet,,identificationRemarks,Anas platyrhynchos,Animalia
e4765ced_1,3,,,,present,e4765ced,Peter Desmet,,identificationRemarks,Anas platyrhynchos,Animalia
e4765ced_2,1,male,adult,,present,e4765ced,Peter Desmet,,identificationRemarks,Anas platyrhynchos,Animalia
e0d3e72e_1,2,,,,present,e0d3e72e,Peter Desmet,,identificationRemarks,Anas platyrhynchos,Animalia
e0d3e72e_2,1,male,adult,,present,e0d3e72e,Peter Desmet,,identificationRemarks,Anas platyrhynchos,Animalia
6bd083fd_1,2,,,,present,6bd083fd,Peter Desmet,,identificationRemarks,Anas platyrhynchos,Animalia
6bd083fd_2,1,male,adult,,present,6bd083fd,Peter Desmet,,identificationRemarks,Anas platyrhynchos,Animalia
f1b07d90_1,1,,,,present,f1b07d90,Peter Desmet,,identificationRemarks,Anas platyrhynchos,Animalia
f1b07d90_2,1,male,adult,,present,f1b07d90,Peter Desmet,,identificationRemarks,Anas platyrhynchos,Animalia
32da352b_1,1,,,,present,32da352b,Peter Desmet,,identificationRemarks,Anas platyrhynchos,Animalia
32da352b_2,1,male,adult,foraging,present,32da352b,Peter Desmet,,identificationRemarks,Anas platyrhynchos,Animalia
b0bb7a64_1,1,,,,present,b0bb7a64,Peter Desmet,,identificationRemarks,Anas platyrhynchos,Animalia
b0bb7a64_2,1,male,adult,foraging,present,b0bb7a64,Peter Desmet,,identificationRemarks,Anas platyrhynchos,Animalia
ad2d234c_1,1,,,,present,ad2d234c,Peter Desmet,,identificationRemarks,Anas platyrhynchos,Animalia
ad2d234c_2,1,male,adult,foraging,present,ad2d234c,Peter Desmet,,identificationRemarks,Anas platyrhynchos,Animalia
5ceaf351_1,1,,,,present,5ceaf351,Peter Desmet,,identificationRemarks,Anas platyrhynchos,Animalia
5ceaf351_2,1,male,adult,foraging,present,5ceaf351,Peter Desmet,,identificationRemarks,Anas platyrhynchos,Animalia
1fb9601b_1,1,,,,present,1fb9601b,Peter Desmet,,identificationRemarks,Anas platyrhynchos,Animalia
1fb9601b_2,1,male,adult,foraging,present,1fb9601b,Peter Desmet,,identificationRemarks,Anas platyrhynchos,Animalia
ebed479a,1,,,,present,780c49bd,Danny Van der beeck,2020-07-09T09:46:08Z,identificationRemarks,Rattus norvegicus,Animalia
e8b62b7e_1,1,,,,present,e8b62b7e,Peter Desmet,,identificationRemarks,Rattus norvegicus,Animalia
eb0f5a36_1,1,,,,present,eb0f5a36,Peter Desmet,,identificationRemarks,Rattus norvegicus,Animalia
51372859_1,1,,,,present,51372859,Peter Desmet,,identificationRemarks,Rattus norvegicus,Animalia
fb4f22df_1,1,,,,present,fb4f22df,Peter Desmet,,identificationRemarks,Rattus norvegicus,Animalia
4c2e721f_1,1,,,,present,4c2e721f,Peter Desmet,,identificationRemarks,Rattus norvegicus,Animalia
4f95d6c1_1,1,,,,present,4f95d6c1,Peter Desmet,,identificationRemarks,Rattus norvegicus,Animalia
9719433c_1,1,,,,present,9719433c,Peter Desmet,,identificationRemarks,Rattus norvegicus,Animalia
87d9bbb7_1,1,,,,present,87d9bbb7,Peter Desmet,,identificationRemarks,Rattus norvegicus,Animalia
d82e840f_1,1,,,,present,d82e840f,Peter Desmet,,identificationRemarks,Rattus norvegicus,Animalia
37bdf4b3_1,1,,,,present,37bdf4b3,Peter Desmet,,identificationRemarks,Rattus norvegicus,Animalia
3d065f23,3,,subadult,,present,89b807ca,Peter Desmet,2023-02-06T11:18:49Z,identificationRemarks,Anas strepera,Animalia
66922f89,2,female,adult,,present,89b807ca,Peter Desmet,2023-02-06T11:20:07Z,identificationRemarks,Anas platyrhynchos,Animalia
8263e85b_1,2,,subadult,,present,8263e85b,Peter Desmet,,identificationRemarks,Anas strepera,Animalia
8263e85b_2,2,female,adult,,present,8263e85b,Peter Desmet,,identificationRemarks,Anas platyrhynchos,Animalia
cf97e186_1,2,,subadult,,present,cf97e186,Peter Desmet,,identificationRemarks,Anas strepera,Animalia
cf97e186_2,2,female,adult,,present,cf97e186,Peter Desmet,,identificationRemarks,Anas platyrhynchos,Animalia
969ee7eb_1,3,,subadult,,present,969ee7eb,Peter Desmet,,identificationRemarks,Anas strepera,Animalia
969ee7eb_2,2,female,adult,,present,969ee7eb,Peter Desmet,,identificationRemarks,Anas platyrhynchos,Animalia
2f80c542_1,3,,subadult,,present,2f80c542,Peter Desmet,,identificationRemarks,Anas strepera,Animalia
2f80c542_2,2,female,adult,,present,2f80c542,Peter Desmet,,identificationRemarks,Anas platyrhynchos,Animalia
a67541cf_1,3,,subadult,,present,a67541cf,Peter Desmet,,identificationRemarks,Anas strepera,Animalia
a67541cf_2,2,female,adult,,present,a67541cf,Peter Desmet,,identificationRemarks,Anas platyrhynchos,Animalia
00c300dc_1,3,,subadult,,present,00c300dc,Peter Desmet,,identificationRemarks,Anas strepera,Animalia
00c300dc_2,1,female,adult,,present,00c300dc,Peter Desmet,,identificationRemarks,Anas platyrhynchos,Animalia
e5a7fafa_1,3,,subadult,,present,e5a7fafa,Peter Desmet,,identificationRemarks,Anas strepera,Animalia
e5a7fafa_2,1,female,adult,,present,e5a7fafa,Peter Desmet,,identificationRemarks,Anas platyrhynchos,Animalia
465e0790_1,3,,subadult,,present,465e0790,Peter Desmet,,identificationRemarks,Anas strepera,Animalia
465e0790_2,1,female,adult,,present,465e0790,Peter Desmet,,identificationRemarks,Anas platyrhynchos,Animalia
a3d8e093_1,3,,subadult,,present,a3d8e093,Peter Desmet,,identificationRemarks,Anas strepera,Animalia
a3d8e093_2,1,female,adult,,present,a3d8e093,Peter Desmet,,identificationRemarks,Anas platyrhynchos,Animalia
9aa6b614_1,3,,subadult,,present,9aa6b614,Peter Desmet,,identificationRemarks,Anas strepera,Animalia
9aa6b614_2,1,female,adult,,present,9aa6b614,Peter Desmet,,identificationRemarks,Anas platyrhynchos,Animalia
1fa8b00a,2,female,adult,,present,710eac2a,Peter Desmet,2023-02-02T14:16:52Z,identificationRemarks,Anas platyrhynchos,Animalia
6ef7e463_1,2,female,adult,,present,6ef7e463,Peter Desmet,,identificationRemarks,Anas platyrhynchos,Animalia
9daa27f6_1,2,female,adult,,present,9daa27f6,Peter Desmet,,identificationRemarks,Anas platyrhynchos,Animalia
d6de3d71_1,2,female,adult,,present,d6de3d71,Peter Desmet,,identificationRemarks,Anas platyrhynchos,Animalia
1e381a4f_1,2,female,adult,,present,1e381a4f,Peter Desmet,,identificationRemarks,Anas platyrhynchos,Animalia
d1d5db8f_1,2,female,adult,,present,d1d5db8f,Peter Desmet,,identificationRemarks,Anas platyrhynchos,Animalia
7206f7aa_1,2,female,adult,,present,7206f7aa,Peter Desmet,,identificationRemarks,Anas platyrhynchos,Animalia
4c6b5b3b_1,2,female,adult,,present,4c6b5b3b,Peter Desmet,,identificationRemarks,Anas platyrhynchos,Animalia
c953bbdb_1,2,female,adult,,present,c953bbdb,Peter Desmet,,identificationRemarks,Anas platyrhynchos,Animalia
9fb67f43_1,2,female,adult,,present,9fb67f43,Peter Desmet,,identificationRemarks,Anas platyrhynchos,Animalia
d432ab6f_1,2,female,adult,,present,d432ab6f,Peter Desmet,,identificationRemarks,Anas platyrhynchos,Animalia
e57d97b3,2,female,adult,,present,149f42ec,Peter Desmet,2023-02-02T14:19:09Z,identificationRemarks,Anas platyrhynchos,Animalia
58a41680_1,1,female,adult,,present,58a41680,Peter Desmet,,identificationRemarks,Anas platyrhynchos,Animalia
b84bcd80_1,1,female,adult,,present,b84bcd80,Peter Desmet,,identificationRemarks,Anas platyrhynchos,Animalia
81d1219e_1,1,female,adult,,present,81d1219e,Peter Desmet,,identificationRemarks,Anas platyrhynchos,Animalia
85e5cd57_1,2,female,adult,,present,85e5cd57,Peter Desmet,,identificationRemarks,Anas platyrhynchos,Animalia
020dbfe0_1,2,female,adult,,present,020dbfe0,Peter Desmet,,identificationRemarks,Anas platyrhynchos,Animalia
fb144e45_1,2,female,adult,,present,fb144e45,Peter Desmet,,identificationRemarks,Anas platyrhynchos,Animalia
fb6eb723_1,2,female,adult,,present,fb6eb723,Peter Desmet,,identificationRemarks,Anas platyrhynchos,Animalia
7aaee7d3_1,2,female,adult,,present,7aaee7d3,Peter Desmet,,identificationRemarks,Anas platyrhynchos,Animalia
987e1ab4_1,2,female,adult,,present,987e1ab4,Peter Desmet,,identificationRemarks,Anas platyrhynchos,Animalia
778315fe_1,2,female,adult,,present,778315fe,Peter Desmet,,identificationRemarks,Anas platyrhynchos,Animalia
f5707f70,5,,subadult,,present,45ee3031,Danny Van der beeck,2020-08-18T21:09:30Z,identificationRemarks,Anas platyrhynchos,Animalia
b9da91c2_1,3,,subadult,,present,b9da91c2,Peter Desmet,,identificationRemarks,Anas platyrhynchos,Animalia
1b2d3e73_1,3,,subadult,,present,1b2d3e73,Peter Desmet,,identificationRemarks,Anas platyrhynchos,Animalia
da6db024_1,3,,subadult,,present,da6db024,Peter Desmet,,identificationRemarks,Anas platyrhynchos,Animalia
4a4c3a2e_1,3,,subadult,,present,4a4c3a2e,Peter Desmet,,identificationRemarks,Anas platyrhynchos,Animalia
59b38bc6_1,3,,subadult,,present,59b38bc6,Peter Desmet,,identificationRemarks,Anas platyrhynchos,Animalia
108f94c9_1,4,,subadult,,present,108f94c9,Peter Desmet,,identificationRemarks,Anas platyrhynchos,Animalia
cc50edaa_1,4,,subadult,,present,cc50edaa,Peter Desmet,,identificationRemarks,Anas platyrhynchos,Animalia
cb2cf96f_1,4,,subadult,,present,cb2cf96f,Peter Desmet,,identificationRemarks,Anas platyrhynchos,Animalia
0966e552_1,4,,subadult,,present,0966e552,Peter Desmet,,identificationRemarks,Anas platyrhynchos,Animalia
b6ff482b_1,4,,subadult,,present,b6ff482b,Peter Desmet,,identificationRemarks,Anas platyrhynchos,Animalia
89e33664_1,2,,subadult,,present,89e33664,Peter Desmet,,identificationRemarks,Anas platyrhynchos,Animalia
bba70d2c_1,2,,subadult,,present,bba70d2c,Peter Desmet,,identificationRemarks,Anas platyrhynchos,Animalia
3cd5626b_1,2,,subadult,,present,3cd5626b,Peter Desmet,,identificationRemarks,Anas platyrhynchos,Animalia
b3c59481_1,2,,subadult,,present,b3c59481,Peter Desmet,,identificationRemarks,Anas platyrhynchos,Animalia
f47cdfd8_1,2,,subadult,,present,f47cdfd8,Peter Desmet,,identificationRemarks,Anas platyrhynchos,Animalia
559ec9a8_1,3,,subadult,,present,559ec9a8,Peter Desmet,,identificationRemarks,Anas platyrhynchos,Animalia
48a94186_1,3,,subadult,,present,48a94186,Peter Desmet,,identificationRemarks,Anas platyrhynchos,Animalia
47e7bc9f_1,3,,subadult,,present,47e7bc9f,Peter Desmet,,identificationRemarks,Anas platyrhynchos,Animalia
2adb0dde_1,3,,subadult,,present,2adb0dde,Peter Desmet,,identificationRemarks,Anas platyrhynchos,Animalia
80ba0e0b_1,3,,subadult,,present,80ba0e0b,Peter Desmet,,identificationRemarks,Anas platyrhynchos,Animalia
27c6cb3d_1,3,,subadult,,present,27c6cb3d,Peter Desmet,,identificationRemarks,Anas platyrhynchos,Animalia
d32c67ed_1,3,,subadult,,present,d32c67ed,Peter Desmet,,identificationRemarks,Anas platyrhynchos,Animalia
be5d44fd_1,3,,subadult,,present,be5d44fd,Peter Desmet,,identificationRemarks,Anas platyrhynchos,Animalia
08b56231_1,3,,subadult,,present,08b56231,Peter Desmet,,identificationRemarks,Anas platyrhynchos,Animalia
ccb03b7e_1,3,,subadult,,present,ccb03b7e,Peter Desmet,,identificationRemarks,Anas platyrhynchos,Animalia
fbf8292b_1,3,,subadult,,present,fbf8292b,Peter Desmet,,identificationRemarks,Anas platyrhynchos,Animalia
5b71377d_1,2,,subadult,,present,5b71377d,Peter Desmet,,identificationRemarks,Anas platyrhynchos,Animalia
6c4db631_1,2,,subadult,,present,6c4db631,Peter Desmet,,identificationRemarks,Anas platyrhynchos,Animalia
a6a07d02_1,2,,subadult,,present,a6a07d02,Peter Desmet,,identificationRemarks,Anas platyrhynchos,Animalia
73efdfb6_1,2,,subadult,,present,73efdfb6,Peter Desmet,,identificationRemarks,Anas platyrhynchos,Animalia
ccfa9680,3,,subadult,,present,02ae9f43,Danny Van der beeck,2020-08-18T21:10:06Z,identificationRemarks,Anas platyrhynchos,Animalia
dbe27f82_1,3,,subadult,,present,dbe27f82,Peter Desmet,,identificationRemarks,Anas platyrhynchos,Animalia
9a14a118_1,3,,subadult,,present,9a14a118,Peter Desmet,,identificationRemarks,Anas platyrhynchos,Animalia
4b414100_1,3,,subadult,,present,4b414100,Peter Desmet,,identificationRemarks,Anas platyrhynchos,Animalia
fa90a9a6_1,3,,subadult,,present,fa90a9a6,Peter Desmet,,identificationRemarks,Anas platyrhynchos,Animalia
1564e7e4_1,3,,subadult,,present,1564e7e4,Peter Desmet,,identificationRemarks,Anas platyrhynchos,Animalia
6578077a_1,3,,subadult,,present,6578077a,Peter Desmet,,identificationRemarks,Anas platyrhynchos,Animalia
eb0801ce_1,2,,subadult,,present,eb0801ce,Peter Desmet,,identificationRemarks,Anas platyrhynchos,Animalia
ef8b850b_1,2,,subadult,,present,ef8b850b,Peter Desmet,,identificationRemarks,Anas platyrhynchos,Animalia
da457b46_1,2,,subadult,,present,da457b46,Peter Desmet,,identificationRemarks,Anas platyrhynchos,Animalia
5eaf82c8_1,2,,subadult,,present,5eaf82c8,Peter Desmet,,identificationRemarks,Anas platyrhynchos,Animalia
1a32d481,3,,subadult,,present,8865647b,Danny Van der beeck,2020-08-18T21:10:40Z,identificationRemarks,Anas platyrhynchos,Animalia
a961b9e3_1,3,,subadult,,present,a961b9e3,Peter Desmet,,identificationRemarks,Anas platyrhynchos,Animalia
1175ff4d_1,3,,subadult,,present,1175ff4d,Peter Desmet,,identificationRemarks,Anas platyrhynchos,Animalia
87867967_1,3,,subadult,,present,87867967,Peter Desmet,,identificationRemarks,Anas platyrhynchos,Animalia
a413d1d3_1,3,,subadult,,present,a413d1d3,Peter Desmet,,identificationRemarks,Anas platyrhynchos,Animalia
ed688d21_1,3,,subadult,,present,ed688d21,Peter Desmet,,identificationRemarks,Anas platyrhynchos,Animalia
cc337594_1,3,,subadult,,present,cc337594,Peter Desmet,,identificationRemarks,Anas platyrhynchos,Animalia
3bf07ad2_1,3,,subadult,,present,3bf07ad2,Peter Desmet,,identificationRemarks,Anas platyrhynchos,Animalia
bdf0a9e8_1,3,,subadult,,present,bdf0a9e8,Peter Desmet,,identificationRemarks,Anas platyrhynchos,Animalia
7c5e4e07_1,2,,subadult,,present,7c5e4e07,Peter Desmet,,identificationRemarks,Anas platyrhynchos,Animalia
745a7960_1,2,,subadult,,present,745a7960,Peter Desmet,,identificationRemarks,Anas platyrhynchos,Animalia
c60eb90d,1,,subadult,,present,4c03e12a,Danny Van der beeck,2020-08-18T21:11:23Z,identificationRemarks,Anas strepera,Animalia
d6c62df3_1,1,,subadult,,present,d6c62df3,Peter Desmet,,identificationRemarks,Anas strepera,Animalia
64e03524_1,1,,subadult,,present,64e03524,Peter Desmet,,identificationRemarks,Anas strepera,Animalia
b6de2aaf_1,1,,subadult,,present,b6de2aaf,Peter Desmet,,identificationRemarks,Anas strepera,Animalia
6180f232_1,1,,subadult,,present,6180f232,Peter Desmet,,identificationRemarks,Anas strepera,Animalia
6dc44acb_1,1,,subadult,,present,6dc44acb,Peter Desmet,,identificationRemarks,Anas strepera,Animalia
e87af601_1,1,,subadult,,present,e87af601,Peter Desmet,,identificationRemarks,Anas strepera,Animalia
c883a5c6,1,,,,present,38c4c1c6,Peter Desmet,2023-02-06T11:22:19Z,identificationRemarks,Aves,Animalia
e9ccfa09_1,1,,,,present,e9ccfa09,Peter Desmet,,identificationRemarks,Aves,Animalia
b5781dba_1,1,,,,present,b5781dba,Peter Desmet,,identificationRemarks,Aves,Animalia
459dddf7_1,1,,,,present,459dddf7,Peter Desmet,,identificationRemarks,Aves,Animalia
ecf09d2b_1,1,,,,present,ecf09d2b,Peter Desmet,,identificationRemarks,Aves,Animalia
36c14ad3_1,1,,,,present,36c14ad3,Peter Desmet,,identificationRemarks,Aves,Animalia
e61ffa75_1,1,,,,present,e61ffa75,Peter Desmet,,identificationRemarks,Aves,Animalia
76490dff_1,1,,,,present,76490dff,Peter Desmet,,identificationRemarks,Aves,Animalia
f28ece39_1,1,,,,present,f28ece39,Peter Desmet,,identificationRemarks,Aves,Animalia
832a486a_1,1,,,,present,832a486a,Peter Desmet,,identificationRemarks,Aves,Animalia
aaf4fd97_1,1,,,,present,aaf4fd97,Peter Desmet,,identificationRemarks,Aves,Animalia
e622b65c,1,,adult,,present,976129e2,Danny Van der beeck,2020-08-11T21:18:45Z,identificationRemarks,Mustela putorius,Animalia
a8848796_1,1,,adult,,present,a8848796,Peter Desmet,,identificationRemarks,Mustela putorius,Animalia
e470918a_1,1,,adult,,present,e470918a,Peter Desmet,,identificationRemarks,Mustela putorius,Animalia
5ff74dc7_1,1,,adult,,present,5ff74dc7,Peter Desmet,,identificationRemarks,Mustela putorius,Animalia
fb662fab,1,,adult,,present,b4b39b00,Danny Van der beeck,2020-08-11T21:19:13Z,identificationRemarks,Mustela putorius,Animalia
91de8c9e_1,1,,adult,,present,91de8c9e,Peter Desmet,,identificationRemarks,Mustela putorius,Animalia
7f0758ac_1,1,,adult,,present,7f0758ac,Peter Desmet,,identificationRemarks,Mustela putorius,Animalia
7fc6cb24_1,1,,adult,,present,7fc6cb24,Peter Desmet,,identificationRemarks,Mustela putorius,Animalia
477b2f9d,1,,adult,,present,75948520,Danny Van der beeck,2020-08-11T21:19:36Z,identificationRemarks,Vulpes vulpes,Animalia
f011d0e6_1,1,,adult,,present,f011d0e6,Peter Desmet,,identificationRemarks,Vulpes vulpes,Animalia
b3374ef1_1,1,,adult,,present,b3374ef1,Peter Desmet,,identificationRemarks,Vulpes vulpes,Animalia
1c601054_1,1,,adult,,present,1c601054,Peter Desmet,,identificationRemarks,Vulpes vulpes,Animalia
b43f1608_1,1,,adult,,present,b43f1608,Peter Desmet,,identificationRemarks,Vulpes vulpes,Animalia
81523d1f_1,1,,adult,,present,81523d1f,Peter Desmet,,identificationRemarks,Vulpes vulpes,Animalia
f4a5ec0f_1,1,,adult,,present,f4a5ec0f,Peter Desmet,,identificationRemarks,Vulpes vulpes,Animalia
dfdc4c48,1,,adult,,present,5be4f4ed,Danny Van der beeck,2020-08-11T21:20:06Z,identificationRemarks,Martes foina,Animalia
e9c1a382_1,1,,adult,,present,e9c1a382,Peter Desmet,,identificationRemarks,Martes foina,Animalia
3e0b2565_1,1,,adult,,present,3e0b2565,Peter Desmet,,identificationRemarks,Martes foina,Animalia
58501b0d_1,1,,adult,,present,58501b0d,Peter Desmet,,identificationRemarks,Martes foina,Animalia
9bbdcb82_1,1,,adult,,present,9bbdcb82,Peter Desmet,,identificationRemarks,Martes foina,Animalia
9a4c6e25_1,1,,adult,,present,9a4c6e25,Peter Desmet,,identificationRemarks,Martes foina,Animalia
eb72150b_1,1,,adult,,present,eb72150b,Peter Desmet,,identificationRemarks,Martes foina,Animalia
9d18218f_1,1,,adult,,present,9d18218f,Peter Desmet,,identificationRemarks,Martes foina,Animalia
22d2744a_1,1,,adult,,present,22d2744a,Peter Desmet,,identificationRemarks,Martes foina,Animalia
b1035c2c_1,1,,adult,,present,b1035c2c,Peter Desmet,,identificationRemarks,Martes foina,Animalia
5549cb29_1,1,,adult,,present,5549cb29,Peter Desmet,,identificationRemarks,Martes foina,Animalia
9e191d10,1,,adult,,present,a60816f2,Danny Van der beeck,2020-08-11T21:20:40Z,identificationRemarks,Mustela putorius,Animalia
66b353fe_1,1,,adult,,present,66b353fe,Peter Desmet,,identificationRemarks,Mustela putorius,Animalia
70e796b3_1,1,,adult,,present,70e796b3,Peter Desmet,,identificationRemarks,Mustela putorius,Animalia
920395a6_1,1,,adult,,present,920395a6,Peter Desmet,,identificationRemarks,Mustela putorius,Animalia
a0431321,1,,,,present,16537357,Peter Desmet,2023-02-02T14:51:18Z,identificationRemarks,Aves,Animalia
fb58a2b9_1,1,,,,present,fb58a2b9,Peter Desmet,,identificationRemarks,Aves,Animalia
cb30a896,1,,,,present,4dcacd8f,Western Europe species model Version 1,2021-07-05T11:43:57Z,identificationRemarks,Ardea,Animalia
0e98b93e_1,1,,,,present,0e98b93e,Western Europe species model Version 1,2021-07-05T11:43:57Z,identificationRemarks,Ardea,Animalia
be8fe0df_1,1,,,,present,be8fe0df,Western Europe species model Version 1,2021-07-05T11:43:57Z,identificationRemarks,Ardea,Animalia
13b58ff5_1,1,,,,present,13b58ff5,Western Europe species model Version 1,2021-07-05T11:43:57Z,identificationRemarks,Ardea,Animalia
d8427514_1,1,,,,present,d8427514,Western Europe species model Version 1,2021-07-05T11:43:57Z,identificationRemarks,Ardea,Animalia
2e2ae3f0_1,1,,,,present,2e2ae3f0,Western Europe species model Version 1,2021-07-05T11:43:57Z,identificationRemarks,Ardea,Animalia
a552145d_1,1,,,,present,a552145d,Western Europe species model Version 1,2021-07-05T11:43:57Z,identificationRemarks,Ardea,Animalia
1bd866b3_1,1,,,,present,1bd866b3,Western Europe species model Version 1,2021-07-05T11:43:57Z,identificationRemarks,Ardea,Animalia
bf610120_1,1,,,,present,bf610120,Western Europe species model Version 1,2021-07-05T11:43:57Z,identificationRemarks,Ardea,Animalia
abcc45d4_1,1,,,,present,abcc45d4,Western Europe species model Version 1,2021-07-05T11:43:57Z,identificationRemarks,Ardea,Animalia
1065da4b_1,1,,,,present,1065da4b,Western Europe species model Version 1,2021-07-05T11:43:57Z,identificationRemarks,Ardea,Animalia
bb027d7e,1,,,,present,7245a2aa,Western Europe species model Version 1,2021-07-05T11:44:15Z,identificationRemarks,Ardea,Animalia
7ab33b3a_1,1,,,,present,7ab33b3a,Western Europe species model Version 1,2021-07-05T11:44:15Z,identificationRemarks,Ardea,Animalia
d9ef08ec_1,1,,,,present,d9ef08ec,Western Europe species model Version 1,2021-07-05T11:44:15Z,identificationRemarks,Ardea,Animalia
aebe5b85_1,1,,,,present,aebe5b85,Western Europe species model Version 1,2021-07-05T11:44:15Z,identificationRemarks,Ardea,Animalia
e638613e_1,1,,,,present,e638613e,Western Europe species model Version 1,2021-07-05T11:44:15Z,identificationRemarks,Ardea,Animalia
c40a4854_1,1,,,,present,c40a4854,Western Europe species model Version 1,2021-07-05T11:44:15Z,identificationRemarks,Ardea,Animalia
fd2f32cc_1,1,,,,present,fd2f32cc,Western Europe species model Version 1,2021-07-05T11:44:15Z,identificationRemarks,Ardea,Animalia
b6a04f58_1,1,,,,present,b6a04f58,Western Europe species model Version 1,2021-07-05T11:44:15Z,identificationRemarks,Ardea,Animalia
9c58aea8_1,1,,,,present,9c58aea8,Western Europe species model Version 1,2021-07-05T11:44:15Z,identificationRemarks,Ardea,Animalia
ad03acb4_1,1,,,,present,ad03acb4,Western Europe species model Version 1,2021-07-05T11:44:15Z,identificationRemarks,Ardea,Animalia
3b185b03_1,1,,,,present,3b185b03,Western Europe species model Version 1,2021-07-05T11:44:15Z,identificationRemarks,Ardea,Animalia
